{
    "minecraft": {
        "": {}
    },
    "mcp": {
        "": {}
    },
    "FML": {
        "": {}
    },
    "forge": {
        "": {}
    },
    "creativecoredummy": {
        "": {}
    },
    "itemphysic": {
        "": {}
    },
    "skinlayers3d": {
        "": {}
    },
    "customskinloader": {
        "": {}
    },
    "xlfoodmod": {
        "": {}
    },
    "jei": {
        "": {}
    },
    "appleskin": {
        "": {}
    },
    "B3M": {
        "": {}
    },
    "baubles": {
        "": {}
    },
    "biomesoplenty": {
        "": {}
    },
    "creativecore": {
        "": {}
    },
    "ctm": {
        "": {}
    },
    "supermartijn642configlib": {
        "": {}
    },
    "durabilitytooltip": {
        "": {}
    },
    "durabilityviewer": {
        "": {}
    },
    "dynamictrees": {
        "": {}
    },
    "thaumcraft": {
        "": {}
    },
    "twilightforest": {
        "": {}
    },
    "dynamictreesttf": {
        "": {}
    },
    "waila": {
        "": {}
    },
    "llibrary": {
        "": {}
    },
    "iceandfire": {
        "": {}
    },
    "ic2": {
        "": {}
    },
    "instantlava": {
        "": {}
    },
    "inventorytweaks": {
        "": {}
    },
    "iridiumsource": {
        "": {}
    },
    "jeiintegration": {
        "": {}
    },
    "journeymap": {
        "": {}
    },
    "mclib": {
        "": {}
    },
    "mekanism": {
        "": {}
    },
    "mekanismgenerators": {
        "": {}
    },
    "mekanismtools": {
        "": {}
    },
    "mekores": {
        "": {}
    },
    "metamorph": {
        "": {}
    },
    "harvestcraft": {
        "": {}
    },
    "patchouli": {
        "": {}
    },
    "sereneseasons": {
        "": {}
    },
    "spark": {
        "": {}
    },
    "veinminer": {
        "": {}
    },
    "veinminermodsupport": {
        "": {}
    },
    "jade": {
        "": {}
    },
    "": {
        "": {}
    }
}